Substitution,Number_of_mutations
A[C>A]A,439
A[C>A]C,453
A[C>A]G,293
A[C>A]T,267
C[C>A]A,739
C[C>A]C,481
C[C>A]G,757
C[C>A]T,704
G[C>A]A,933
G[C>A]C,746
G[C>A]G,949
G[C>A]T,908
T[C>A]A,628
T[C>A]C,585
T[C>A]G,1118
T[C>A]T,1034
A[C>G]A,114
A[C>G]C,196
A[C>G]G,154
A[C>G]T,108
C[C>G]A,107
C[C>G]C,300
C[C>G]G,27
C[C>G]T,68
G[C>G]A,122
G[C>G]C,107
G[C>G]G,139
G[C>G]T,138
T[C>G]A,59
T[C>G]C,37
T[C>G]G,134
T[C>G]T,49
A[C>T]A,2872
A[C>T]C,3163
A[C>T]G,3082
A[C>T]T,1725
C[C>T]A,2255
C[C>T]C,2843
C[C>T]G,3002
C[C>T]T,2229
G[C>T]A,2626
G[C>T]C,3350
G[C>T]G,3586
G[C>T]T,2621
T[C>T]A,2037
T[C>T]C,2553
T[C>T]G,2995
T[C>T]T,1756
A[T>A]A,65
A[T>A]C,143
A[T>A]G,133
A[T>A]T,156
C[T>A]A,112
C[T>A]C,139
C[T>A]G,158
C[T>A]T,59
G[T>A]A,118
G[T>A]C,55
G[T>A]G,120
G[T>A]T,118
T[T>A]A,129
T[T>A]C,68
T[T>A]G,91
T[T>A]T,34
A[T>C]A,949
A[T>C]C,700
A[T>C]G,743
A[T>C]T,473
C[T>C]A,1054
C[T>C]C,543
C[T>C]G,720
C[T>C]T,499
G[T>C]A,1299
G[T>C]C,774
G[T>C]G,1011
G[T>C]T,1061
T[T>C]A,779
T[T>C]C,551
T[T>C]G,512
T[T>C]T,537
A[T>G]A,293
A[T>G]C,272
A[T>G]G,180
A[T>G]T,156
C[T>G]A,270
C[T>G]C,139
C[T>G]G,167
C[T>G]T,64
G[T>G]A,300
G[T>G]C,273
G[T>G]G,399
G[T>G]T,280
T[T>G]A,210
T[T>G]C,148
T[T>G]G,294
T[T>G]T,173
